nPeaks,nHoles,total_col_with_hole,total_dy,x_transitions,y_transitions,total_none_cols,maxWell,fullLines
-32.401570196425865,-0.40689157790227537,-3.687175612224469,-0.7752660630642335,-0.6073321528571145,-0.31402338402566615,-0.41081545972368094,-0.04854033213724898,-13.895306595612752
NIND,NGEN,POP,CXPB,MUTPB,GAME_LEVEL
9,30,100,0.6,0.2,1
