nPeaks,nHoles,total_col_with_hole,total_dy,x_transitions,y_transitions,total_none_cols,maxWell,fullLines
0.9792560009184372,-1.3509483455883362,-0.5831678493264765,-0.31398230144472417,0.0875770125851818,0.23749728221823485,-0.4430354066718658,0.7017435593466852,-1.371077341228453
0.9792560009184372,-1.3509483455883362,-0.5831678493264765,-0.31398230144472417,0.0875770125851818,0.23749728221823485,-0.4430354066718658,0.7017435593466852,-1.371077341228453
