nPeaks,nHoles,total_col_with_hole,total_dy,x_transitions,y_transitions,total_none_cols,maxWell,fullLines
0.9830407360672455,0.5628877279156004,0.4706785078118978,-0.30402307997807987,0.6308633282892078,-0.8775486501794201,0.5851213580257306,-0.21668056992027318,0.418392757766167
0.9830407360672455,0.5628877279156004,0.4706785078118978,-0.22121218406815002,0.6308633282892078,-0.8775486501794201,0.5851213580257306,-0.21668056992027318,0.418392757766167
