nPeaks,nHoles,total_col_with_hole,total_dy,x_transitions,y_transitions,total_none_cols,maxWell,fullLines
-0.8765575634918118,-9.542674143911782,0.27340472663293225,-0.7059293829800002,0.0845917080384608,-0.3985085987766706,-0.15567186041555842,0.4847464788420022,-0.2770124501077851
NIND,NGEN,POP,CXPB,MUTPB,GAME_LEVEL
9,20,50,0.6,0.2,3
