nPeaks,nHoles,total_col_with_hole,total_dy,x_transitions,y_transitions,total_none_cols,maxWell,fullLines
-0.636459988014368,-11.118601510037735,-33.88640030470265,-1.794684889203228,-0.3402377197766939,-0.29626185910863245,4.214889546798441,1.1848850948647665,0.08050719391392394
NIND,NGEN,POP,CXPB,MUTPB,GAME_LEVEL
9,20,50,0.6,0.2,2
